{
  "accuracy": 0.8667935299714558,
  "classification_report": {
    "BLA": {
      "precision": 0.8137931034482758,
      "recall": 0.7866666666666666,
      "f1-score": 0.8,
      "support": 150.0
    },
    "EOS": {
      "precision": 0.9548387096774194,
      "recall": 0.9866666666666667,
      "f1-score": 0.9704918032786886,
      "support": 150.0
    },
    "LYT": {
      "precision": 0.7873563218390804,
      "recall": 0.9133333333333333,
      "f1-score": 0.845679012345679,
      "support": 150.0
    },
    "MON": {
      "precision": 0.8445945945945946,
      "recall": 0.8333333333333334,
      "f1-score": 0.8389261744966443,
      "support": 150.0
    },
    "NGS": {
      "precision": 0.950354609929078,
      "recall": 0.8933333333333333,
      "f1-score": 0.9209621993127147,
      "support": 150.0
    },
    "NIF": {
      "precision": 0.7943262411347518,
      "recall": 0.7466666666666667,
      "f1-score": 0.7697594501718213,
      "support": 150.0
    },
    "PMO": {
      "precision": 0.9319727891156463,
      "recall": 0.9072847682119205,
      "f1-score": 0.9194630872483222,
      "support": 151.0
    },
    "accuracy": 0.8667935299714558,
    "macro avg": {
      "precision": 0.8681766242484067,
      "recall": 0.8667549668874173,
      "f1-score": 0.8664688181219814,
      "support": 1051.0
    },
    "weighted avg": {
      "precision": 0.8682373246907159,
      "recall": 0.8667935299714558,
      "f1-score": 0.8665192408328534,
      "support": 1051.0
    }
  },
  "confusion_matrix": [
    [
      118,
      0,
      12,
      9,
      0,
      6,
      5
    ],
    [
      0,
      148,
      0,
      0,
      0,
      1,
      1
    ],
    [
      5,
      1,
      137,
      1,
      0,
      6,
      0
    ],
    [
      10,
      0,
      5,
      125,
      3,
      6,
      1
    ],
    [
      0,
      2,
      1,
      6,
      134,
      7,
      0
    ],
    [
      6,
      4,
      18,
      3,
      4,
      112,
      3
    ],
    [
      6,
      0,
      1,
      4,
      0,
      3,
      137
    ]
  ],
  "roc_auc_scores": {
    "BLA": 0.9647798742138365,
    "EOS": 0.9943470218275989,
    "LYT": 0.974376618571957,
    "MON": 0.9689382167961523,
    "NGS": 0.9809174990751017,
    "NIF": 0.9573436921938586,
    "PMO": 0.9798896247240618
  },
  "mean_roc_auc": 0.9743703639146524
}