{
  "accuracy": 0.8706467661691543,
  "classification_report": {
    "BLA": {
      "precision": 0.8444444444444444,
      "recall": 0.76,
      "f1-score": 0.8,
      "support": 150.0
    },
    "EOS": {
      "precision": 0.9736842105263158,
      "recall": 0.9866666666666667,
      "f1-score": 0.9801324503311258,
      "support": 150.0
    },
    "LYT": {
      "precision": 0.8441558441558441,
      "recall": 0.8666666666666667,
      "f1-score": 0.8552631578947368,
      "support": 150.0
    },
    "MON": {
      "precision": 0.7810650887573964,
      "recall": 0.88,
      "f1-score": 0.8275862068965517,
      "support": 150.0
    },
    "NGS": {
      "precision": 0.9294871794871795,
      "recall": 0.9666666666666667,
      "f1-score": 0.9477124183006536,
      "support": 150.0
    },
    "NIF": {
      "precision": 0.8066666666666666,
      "recall": 0.8066666666666666,
      "f1-score": 0.8066666666666666,
      "support": 150.0
    },
    "PMO": {
      "precision": 0.9550561797752809,
      "recall": 0.8095238095238095,
      "f1-score": 0.8762886597938144,
      "support": 105.0
    },
    "accuracy": 0.8706467661691543,
    "macro avg": {
      "precision": 0.8763656591161612,
      "recall": 0.8680272108843538,
      "f1-score": 0.8705213656976498,
      "support": 1005.0
    },
    "weighted avg": {
      "precision": 0.8728422029672454,
      "recall": 0.8706467661691543,
      "f1-score": 0.8702631286485679,
      "support": 1005.0
    }
  },
  "confusion_matrix": [
    [
      114,
      0,
      6,
      17,
      0,
      10,
      3
    ],
    [
      0,
      148,
      1,
      0,
      1,
      0,
      0
    ],
    [
      7,
      2,
      130,
      4,
      0,
      6,
      1
    ],
    [
      6,
      0,
      4,
      132,
      3,
      5,
      0
    ],
    [
      0,
      0,
      0,
      2,
      145,
      3,
      0
    ],
    [
      4,
      2,
      13,
      3,
      7,
      121,
      0
    ],
    [
      4,
      0,
      0,
      11,
      0,
      5,
      85
    ]
  ],
  "roc_auc_scores": {
    "BLA": 0.9757426900584796,
    "EOS": 0.9955555555555555,
    "LYT": 0.9798752436647173,
    "MON": 0.973122807017544,
    "NGS": 0.9924444444444445,
    "NIF": 0.9735594541910331,
    "PMO": 0.9768677248677249
  },
  "mean_roc_auc": 0.9810239885427856
}